id,type,country,releaseYear,period,is3D,isIMAX,dirBoxIndex,starOneBoxIndex,starTwoBoxIndex,boxClass
627357,6,0,3,0,0,0,999.1471557617188,1028.6300525665283,1180.4606018066406,1
590518,7,0,0,0,0,0,3327.307083129883,7894.8220291137695,37373.27731323242,1
590519,2,0,1,1,0,0,57.27207565307617,2903.0032653808594,33379.981857299805,0
617612,3,0,4,0,0,0,419.6348342895508,22479.23072052002,10061.303024291992,1
596765,2,0,2,2,0,0,146.37391662597656,146.37391662597656,20772.21937561035,0
590512,1,2,1,2,0,0,11452.440185546875,26788.673985481262,41860.10577392578,2
614359,2,0,3,2,0,0,54.63166427612305,54.63166427612305,54.63166427612305,0
640871,3,0,4,0,0,0,404.86395263671875,404.86395263671875,404.86395263671875,1
615451,0,0,2,0,0,0,409.6388244628906,104625.3828125,409.6388244628906,1
617600,2,0,3,0,0,0,644.0413818359375,12548.798904418945,4665.5720138549805,1
615430,1,2,3,2,0,0,51489.68029785156,26788.673985481262,27363.973358154297,2
610046,1,0,2,0,0,0,28.3953857421875,9576.916164398193,22.545743942260742,0
590503,3,2,1,0,0,0,2173.3468627929688,87671.21533203125,973.2386741638184,1
614346,1,2,2,0,1,0,5458.67138671875,124651.1796875,10405.86962890625,2
627338,7,0,3,0,0,0,133.5178985595703,2163.9466667175293,855.8766739368439,0
610041,3,0,1,2,0,0,-1.0,-1.0,-1.0,0
592438,4,1,2,2,0,0,2951.584716796875,19975.942138671875,11673.13134765625,2
640883,3,0,4,0,0,0,294.1002426147461,175.41766357421875,175.41766357421875,0
614395,1,1,4,0,1,0,853.5823364257812,11409.345031738281,19557.693115234375,1
596789,9,0,2,1,0,0,60.3675422668457,117.03818988800049,15270.658020019531,0
615487,1,1,3,0,0,1,10674.1318359375,19817.15625,27569.56201171875,2
589501,0,2,1,0,1,0,68798.96226501465,12472.65234375,104308.11529541016,2
589502,2,2,0,2,0,0,3867.9077758789062,142593.3627319336,57924.818359375,1
631264,1,0,4,0,0,0,16383.310638427734,28862.92218017578,6873.21484375,2
589472,0,2,0,0,0,0,11803.720825195312,42421.688720703125,102122.32397460938,2
631292,1,0,4,0,0,0,1545.6117706298828,7331.620498657227,41014.085876464844,0
592414,0,0,0,0,0,0,4724.06298828125,143292.6883239746,21723.862686157227,2
610009,2,0,1,0,0,0,73851.658203125,161615.8893737793,24683.038818359375,3
615471,0,0,2,0,0,0,4724.06298828125,113669.20458984375,23262.192306518555,1
589482,1,2,0,0,0,0,19672.41473388672,41761.8173828125,107501.15466308594,2
589524,7,2,1,0,0,0,3596.042984008789,114341.87048339844,873.0723991394043,1
596830,2,2,1,0,0,0,3867.9077758789062,10477.402893066406,12778.849060058594,1
589509,1,0,2,0,1,0,796.9053344726562,104625.3828125,796.9053344726562,1
629335,0,0,4,0,0,0,15315.623168945312,143292.6883239746,8463.5517578125,1
627393,0,0,4,0,0,0,9979.861328125,108841.77680206299,95068.59301757812,2
612123,1,0,3,1,1,0,9295.692825317383,73062.60546875,10505.852783203125,2
629338,0,0,4,0,0,0,697.4606323242188,11434.573303222656,1279.9419136047363,1
612120,1,2,2,0,0,0,6341.0595703125,25692.9140625,59220.707092285156,2
612121,1,2,2,0,1,0,3596.042984008789,25692.9140625,38436.5517578125,2
596800,0,2,2,0,0,0,9013.9619140625,19218.246826171875,12778.849060058594,2
612127,1,2,3,0,0,1,14234.774169921875,25692.9140625,59742.37927246094,2
612124,3,0,1,0,0,0,390.412899017334,65893.48608398438,553.234691619873,0
617707,0,0,3,1,0,0,576.9753360748291,2677.502836227417,65893.48608398438,1
617706,2,0,2,0,0,0,117.78361129760742,78.38981628417969,1528.287254333496,0
617708,0,2,3,0,0,0,14194.505554199219,15006.666748046875,27341.496032714844,2
614334,0,0,2,0,0,0,732.7366638183594,74302.111328125,2731.7065723463893,1
617710,2,0,2,0,0,0,10985.435363769531,1014.1654961109161,7541.1807861328125,1
617699,0,2,2,0,0,0,21.331743240356445,186.6396198272705,21.331743240356445,0
627447,0,2,4,0,0,0,779.2052612304688,67070.49267578125,779.2052612304688,1
614325,0,0,2,0,0,0,97.12013244628906,354.50120544433594,97.12013244628906,0
617702,2,1,4,0,1,0,16415.79296875,48183.59289550781,38799.38195800781,2
589540,0,0,0,0,0,0,59.090694427490234,4220.1019287109375,1054.255386352539,0
590528,7,0,1,0,0,0,74.96022033691406,59.641207695007324,538.4988212585449,0
614304,0,0,2,0,0,0,21.85202980041504,21.85202980041504,21.85202980041504,0
617712,2,0,2,1,0,0,87.40811920166016,114341.87048339844,65893.48608398438,0
614305,0,0,2,0,0,0,42968.1767578125,27239.82666015625,104625.3828125,2
596887,0,0,2,2,0,0,79.95067596435547,571.4868612289429,97.56324577331543,0
590399,8,0,0,1,0,0,178.32856738567352,4636.704879760742,17.61256980895996,1
631109,7,0,4,0,0,0,299.2625427246094,299.2625427246094,803.0159225463867,0
596882,7,0,1,0,0,0,213.8663558959961,35.642005920410156,35.642005920410156,0
592544,0,3,2,2,0,0,23065.565307617188,24528.044677734375,4168.191162109375,2
617485,7,0,3,0,0,0,3402.5799560546875,28739.701917767525,4582.457489013672,1
614215,7,0,1,0,0,0,39.9952278137207,854.9164581298828,103.08830833435059,0
614214,0,0,1,0,0,0,314.3993721008301,2167.506763458252,35.91408157348633,0
589320,2,0,0,0,0,0,28.138425827026367,130.11456108093262,28.138425827026367,0
614213,7,0,2,0,1,0,155.5027847290039,112.46141624450684,83.07239532470703,0
614212,7,0,2,0,0,0,224.24343872070312,4220.1019287109375,924.7255554199219,1
612309,1,2,3,0,0,0,5285.416450500488,9395.459281921387,2243.372980117798,0
590372,6,0,2,2,1,0,1221.616584777832,1940.9109497070312,293.0111389160156,0
590371,2,2,0,0,0,0,2741.4566040039062,3200.6650390625,2915.8886108398438,1
596913,7,0,1,0,0,0,1175.2347412109375,3997.65234375,428.5202941894531,1
629414,0,1,4,1,0,0,2382.87353515625,26689.7705078125,2382.87353515625,1
629410,2,0,4,1,0,0,40701.80859375,75675.96960449219,142593.3627319336,3
566084,1,1,1,0,0,0,1761.42236328125,6680.2147216796875,17310.471557617188,2
629427,1,0,4,2,0,0,85.60382080078125,85.60382080078125,656.8249816894531,0
589349,5,2,3,2,1,0,44670.73181152344,80588.63720703125,48183.59289550781,3
590338,2,0,1,0,0,0,374.2410583496094,556.1002535820007,7331.620498657227,1
629449,7,0,3,0,0,0,118.44709777832031,2677.502836227417,2326.2776489257812,0
612232,4,1,3,0,1,0,57735.35546875,46567.83984375,49431.29296875,3
615635,6,0,2,0,1,0,5203.418548583984,1940.9109497070312,1734.5434265136719,1
590452,9,0,0,0,0,0,390.412899017334,5850.94450378418,207.81385135650635,1
629465,0,0,4,0,0,0,13296.6591796875,20159.99755859375,22078.73046875,2
589389,8,2,0,0,0,0,522.1240844726562,64881.997009277344,27494.390213012695,1
631060,7,0,4,0,0,0,3596.042984008789,963.1662712097168,34665.988079071045,0
612243,7,0,1,1,0,0,41.89976119995117,159.630863904953,30188.003719329834,0
614154,5,0,2,2,0,0,2206.881591796875,898.0143432617188,1096.790023803711,1
629461,0,2,4,0,1,0,69.80190801620483,1940.4781227111816,8665.323059082031,0
612246,0,0,1,0,0,0,166.25855255126953,3567.5848350524902,2728.680263519287,0
617565,7,0,3,0,0,0,170.23548412322998,147.88226318359375,155.95147514343262,0
615672,7,0,3,0,1,0,610.132080078125,838.9912719726562,610.132080078125,1
629498,7,0,4,1,1,0,430.8257751464844,430.8257751464844,1485.6333179473877,1
596965,7,0,2,0,0,0,71.97295379638672,25243.517280578613,49.427207946777344,0
629494,2,1,4,0,0,0,11308.474609375,73062.60546875,76403.89352416992,2
596973,0,0,2,0,0,0,12472.65234375,114117.84375,57746.86819076538,2
629493,1,2,4,2,1,0,7222.658203125,20686.00830078125,38799.38195800781,1
594581,2,2,0,0,0,0,7160.7762451171875,6371.101959228516,1311.7733154296875,1
627594,1,0,4,2,1,0,51489.68029785156,56243.01623535156,59220.707092285156,2
594589,6,0,4,0,1,0,92.97135925292969,100.7422423362732,612.8201904296875,0
614086,8,0,3,0,0,0,60.3675422668457,207.69451904296875,30188.003719329834,0
592690,0,0,2,0,0,0,2474.986536026001,50.15751647949219,236.89260292053223,0
608116,7,0,2,0,0,0,63.46937370300293,496.18140411376953,44.39777374267578,0
589715,0,0,0,1,0,0,2833.392265319824,1658.7995586395264,55377.11437988281,0
592682,0,2,0,0,0,0,14399.125995635986,37373.27731323242,8848.658935546875,0
589718,0,0,1,0,0,0,25.983293533325195,25.983293533325195,25.983293533325195,0
592683,1,2,0,0,0,0,63.46937370300293,7304.69527053833,16201.919699668884,0
611906,2,0,1,1,0,0,27.207637786865234,13618.025360107422,44779.7158203125,0
627601,0,2,4,0,0,0,97.53221893310547,104625.3828125,18246.695198059082,0
596524,6,0,1,0,0,0,5203.418548583984,882.759765625,662.8941917419434,1
627626,9,0,4,0,0,0,591.5083618164062,591.5083618164062,591.5083618164062,1
631030,2,0,4,0,0,0,38448.9033203125,42421.688720703125,23521.392349243164,2
629560,0,0,4,0,0,0,363.11456298828125,12596.756164550781,413.9928436279297,1
589743,0,0,2,1,0,0,500.83375549316406,73062.60546875,394.7239685058594,1
589740,6,0,1,0,0,0,342.5441436767578,33716.73794555664,149.23388671875,1
596542,2,0,1,2,0,0,129.59666061401367,9456.308494567871,5752.412017822266,0
596538,7,0,1,2,0,0,56.72792434692383,56.72792434692383,56.72792434692383,0
627643,0,2,4,2,0,0,7160.7762451171875,11814.140930175781,20666.230125427246,2
589748,0,1,0,0,0,0,606.9562377929688,130481.0029296875,11156.598114013672,1
631012,1,3,4,0,1,0,8916.5732421875,4506.4794921875,23539.659423828125,2
594600,0,0,0,0,0,0,7869.595428466797,457.840087890625,27107.91943359375,1
596552,0,2,1,0,0,0,487.0166931152344,130481.0029296875,5274.383377075195,1
596555,1,1,2,0,0,1,477.96978759765625,8848.658935546875,2692.9849243164062,1
592765,9,0,0,0,0,0,32.93238067626953,66.49005889892578,32.93238067626953,0
594650,0,0,1,0,0,0,134.8138427734375,37373.27731323242,438.3524284362793,0
630935,2,2,4,0,1,0,1648.5751953125,1648.5751953125,6797.8392333984375,1
594624,6,0,0,1,0,0,886.8225860595703,571.8528137207031,587.2768402099609,1
596569,0,2,1,0,0,0,21.766109466552734,21.766109466552734,955.0763473510742,0
619619,1,2,4,0,0,0,4873.775634765625,10405.86962890625,17228.246746063232,1
615767,7,0,2,0,0,0,129.9467086046934,599.74462890625,267.947509765625,0
596560,1,0,1,2,0,0,3704.5307006835938,33379.981857299805,771.68017578125,1
596563,7,0,3,0,0,0,157.301513671875,10309.337310791016,239.04057097434998,0
610215,1,2,1,0,1,0,3615.21484375,39951.309341430664,3632.4057750701904,2
629580,0,0,4,1,0,0,1882.2315673828125,1882.2315673828125,17921.477416992188,1
589797,5,2,2,2,1,0,23477.80179977417,115505.73384094238,57924.818359375,3
615788,0,0,2,0,0,0,36.246620178222656,36.246620178222656,36.246620178222656,0
589812,2,2,0,2,0,0,2913.70556640625,67070.49267578125,4655.366943359375,2
589810,0,0,3,1,0,0,50.15751647949219,93553.6083984375,10750.832344055176,0
596607,2,2,1,0,0,0,99.57994842529297,87498.49382019043,2056.7120027542114,0
589808,0,2,1,0,0,0,37.8186149597168,41014.085876464844,20666.230125427246,0
594660,10,0,1,0,0,0,19.725536346435547,19.725536346435547,7894.8220291137695,0
615796,2,2,4,0,1,0,14194.505554199219,107501.15466308594,5324.246826171875,1
594661,0,2,1,2,0,0,761.2839736938477,922.9832611083984,1246.1383666992188,1
589822,8,0,0,0,0,1,1064.4255858659744,87095.90060138702,48.52187633514404,0
596592,0,0,2,1,0,0,69.37152099609375,7331.620498657227,69.37152099609375,0
589821,9,0,0,0,0,0,685.1185302734375,685.1185302734375,48849.779556274414,1
619597,2,0,3,2,0,0,24.725536346435547,24.725536346435547,24.725536346435547,0
608237,6,0,1,0,1,0,886.8225860595703,571.8528137207031,612.8201904296875,1
629659,7,0,3,0,0,0,446.0015869140625,43716.681640625,803.0159225463867,1
594456,7,0,0,0,0,0,12.297533988952637,58.550517082214355,169.98329162597656,0
596609,0,2,1,0,0,0,298.60382080078125,56604.08908843994,26477.93585205078,1
608234,6,0,2,0,0,0,29.48289680480957,201.57756233215332,1028.6300525665283,0
617756,2,0,4,0,0,0,108.05728149414062,108.05728149414062,115.87351083755493,0
608228,0,2,1,0,0,0,551.4176712036133,9605.59423828125,51.42243194580078,0
613961,7,0,2,1,0,0,3402.5799560546875,1588.544921875,2159.1893310546875,1
608255,2,0,1,0,0,0,245.3842430114746,924.7255554199219,363.8782787322998,1
608248,2,0,2,1,0,0,18.036596298217773,802.690559387207,11514.389060974121,0
608245,0,0,1,0,0,0,1179.7732849121094,19923.15103149414,36566.770751953125,1
615831,2,0,2,0,0,0,61.046939849853516,61.046939849853516,61.046939849853516,0
627482,3,0,4,0,0,0,7583.3056640625,113669.20458984375,59557.54357910156,2
615855,7,0,2,0,0,0,184.5282440185547,184.5282440185547,184.5282440185547,1
587699,1,2,0,0,0,0,14234.774169921875,12125.8740234375,42421.688720703125,2
612089,0,2,1,0,0,0,399.0715866088867,17107.892639160156,290.06205892562866,0
612087,0,0,2,2,0,0,121.92044830322266,10846.21206665039,915.4033546447754,0
630911,2,0,4,0,0,0,1380.8878173828125,83078.72198486328,4870.867916107178,1
608197,1,2,2,0,0,0,14194.505554199219,11814.140930175781,80554.908203125,2
596648,7,0,2,0,0,0,275.7430419921875,92.95783996582031,2415.7868041992188,0
615840,7,0,2,0,0,0,60.35322189331055,238.15274810791016,60.35322189331055,0
615868,7,0,4,0,0,0,903.0501098632812,1885.5178833007812,948.6968879699707,1
630887,6,0,4,0,1,0,33553.5390625,36026.2265625,33553.5390625,2
608215,2,2,2,0,0,0,51489.68029785156,8820.658391952515,197157.0028076172,1
608213,1,2,2,0,0,0,1869.809124469757,4870.867916107178,197157.0028076172,1
619651,0,0,3,0,0,0,301.88702392578125,434.5019760131836,625.9093017578125,1
617809,1,2,4,0,1,0,44670.73181152344,105063.1003112793,43631.5894241333,2
589645,3,0,3,0,0,0,98.90214538574219,959.6849899291992,98.90214538574219,0
587734,0,0,0,0,0,0,9295.692825317383,27107.91943359375,11156.598114013672,1
617813,0,0,3,0,0,0,7350.928466796875,105625.66796875,6743.24267578125,2
610103,7,0,3,0,0,0,138.12569522857666,205.22036743164062,132.5759735107422,0
589639,0,0,0,0,0,0,10818.324798583984,8229.59814453125,1635.5933990478516,0
592893,1,0,1,0,0,0,34.689735412597656,34.689735412597656,5107.115310668945,0
604335,6,3,3,0,0,0,189.09149169921875,189.09149169921875,989.891845703125,0
589663,2,0,0,0,0,0,174.66189575195312,50.87828063964844,50.15751647949219,1
589662,1,0,0,0,0,0,27561.416137695312,9585.390747070312,74302.111328125,2
608188,6,0,4,0,0,0,139.98329162597656,3119.27685546875,1137.8926544189453,0
587713,0,1,0,0,0,0,364.9657897949219,64881.997009277344,4479.224422454834,1
627543,1,1,4,1,0,0,106.65393829345703,106.65393829345703,106.65393829345703,0
610087,0,0,2,0,0,0,23.412887573242188,23.412887573242188,23.412887573242188,0
627548,3,0,3,0,0,0,79.97215867042542,33379.981857299805,74302.111328125,0
617807,1,2,4,0,0,0,733.5966796875,41014.085876464844,733.5966796875,1
587766,7,2,0,0,0,0,4504.4974365234375,13878.415832519531,1317.7502174377441,1
629752,7,0,3,0,0,0,84.77326965332031,84.77326965332031,109.49880981445312,0
627562,7,0,4,0,0,0,304.8758850097656,304.8758850097656,304.8758850097656,0
610079,0,0,3,1,1,0,179.43675231933594,53225.0087890625,3562.1885566711426,0
612022,0,0,4,0,0,0,275.7430419921875,182.7852020263672,316.3031005859375,0
610050,0,0,2,0,0,0,34.512332916259766,153.77247619628906,91.78440856933594,0
596734,1,0,2,2,0,0,17.68973731994629,7555.162560939789,744.2696933746338,0
608149,1,0,2,0,0,0,3252.48388671875,27363.973358154297,21738.97540283203,2
631787,7,0,4,0,0,0,54.730308532714844,10842.883323669434,54.730308532714844,0
596283,0,0,1,0,0,0,170.23548412322998,92.67382526397705,904.5155346393585,0
618156,6,0,4,2,0,0,313.2959289550781,1734.5434265136719,444.8448486328125,0
626876,3,0,3,0,0,0,423.159912109375,423.159912109375,700.3214111328125,1
594343,3,0,1,2,0,0,13.739856719970703,80554.908203125,22990.91162109375,0
596275,2,0,1,0,0,0,22.582338333129883,1236.7239398956299,22.582338333129883,0
558001,1,2,1,0,1,0,1185.4908599853516,7854.832763671875,56604.08908843994,1
596267,0,2,1,1,0,0,22.854415893554688,3802.5172119140625,338.6300811767578,0
596269,0,0,1,0,0,0,73.68655776977539,31644.36298274994,999.8019180297852,0
628791,0,2,4,2,0,0,5437.6708984375,44511.216796875,22078.73046875,1
613851,2,2,1,0,0,0,981.8520202636719,6475.010314941406,4069.9841995686293,1
628739,2,0,4,2,0,0,118.97295379638672,19923.15103149414,4516.024562835693,0
613854,0,2,2,1,0,0,5437.6708984375,8667.30553817749,6393.7998046875,2
594309,0,0,1,0,0,0,246.9093017578125,12596.756164550781,27363.973358154297,1
559886,3,3,1,0,0,0,419.6348342895508,6528.980224609375,13618.025360107422,0
594313,3,0,1,0,0,0,18.773269653320312,27588.51002597809,18.773269653320312,0
618119,2,0,4,0,1,0,5077.5537109375,83078.72198486328,54799.50570678711,2
590015,1,2,0,0,0,0,301.2895812988281,1409.3182373046875,4655.366943359375,1
588953,7,0,1,1,0,0,3402.5799560546875,17107.892639160156,1061.987247467041,1
588935,2,0,0,0,0,0,40.54017639160156,40.54017639160156,1356.9697875976562,0
640376,2,0,4,0,0,0,3112.4956665039062,53476.07421875,2904.565673828125,1
588934,9,0,0,0,0,0,158.42800521850586,4299.96826171875,553.234691619873,0
588931,1,0,0,0,0,0,16383.310638427734,485.4359664916992,22216.247526168823,1
613819,10,0,3,2,0,0,47.567222595214844,2199.341329574585,8445.298278808594,0
590044,7,0,2,0,0,0,176.45266723632812,3010.129695892334,353.07320404052734,0
613812,1,2,3,0,1,0,36836.40771484375,59557.54357910156,96949.494140625,2
607245,0,1,1,1,0,0,14.556085586547852,12548.798904418945,5800.879877090454,0
590026,0,0,0,0,0,0,95.67064666748047,683.9570465087891,25937.864013671875,0
594375,8,0,0,0,0,0,146.2171802520752,3567.5848350524902,403.41208839416504,0
626911,7,0,3,0,0,0,317.8997497558594,941.1797943115234,317.4288024902344,1
618187,2,0,2,0,0,0,23.836913585662842,18.730310440063477,18.730310440063477,0
611587,6,2,1,0,0,0,1684.4088745117188,15329.245922088623,639.1073608398438,1
594371,5,0,1,0,0,0,20.133651733398438,20.133651733398438,2373.8472623825073,0
594369,2,0,0,1,0,0,1742.4630279541016,48.66905212402344,18011.342712402344,0
631690,0,0,4,0,0,0,336.1257038116455,35003.40057373047,275.0549011230469,0
590079,6,0,0,1,0,0,458.8647766113281,882.759765625,13296.6591796875,1
618179,2,0,3,0,0,0,3112.4956665039062,17022.880859375,207.92999267578125,0
594376,0,0,1,0,0,0,80.67064666748047,10678.344512939453,458.0588684082031,0
628823,0,0,4,0,0,0,2026.073974609375,56652.69826507568,12727.581176757812,1
628824,3,0,3,0,0,0,53.45425796508789,1098.429624080658,5139.180513381958,0
626880,0,2,3,1,0,0,2380.2451171875,11814.140930175781,7001.648376464844,2
596290,9,0,1,0,0,0,176.45266723632812,7776.263412475586,103591.51049804688,0
594393,1,0,2,0,0,0,65.209228515625,421.76531982421875,27107.91943359375,0
588861,3,0,0,0,0,0,71.83134651184082,16.25775718688965,2173.5441341400146,0
611817,0,0,2,2,0,0,82.55210876464844,2781.151153564453,82.55210876464844,0
596403,1,0,1,1,0,0,397.6396179199219,44451.00244140625,35823.79592418671,1
594218,7,0,0,0,0,0,1175.2347412109375,384.4502868652344,154.65711975097656,1
596405,6,0,1,2,1,0,555.307861328125,1379.121711730957,59938.25491333008,1
616113,2,0,2,1,0,0,1187.1201171875,31800.175231933594,5619.6585693359375,1
596408,2,2,1,2,0,0,2913.70556640625,142593.3627319336,28582.705810546875,1
588854,7,0,0,0,0,0,107.44709777832031,107.44709777832031,107.44709777832031,1
596410,2,0,1,1,0,0,13.739856719970703,13.844073109328747,75675.96960449219,0
589844,2,0,0,1,0,0,220.93875122070312,220.93875122070312,220.93875122070312,1
589847,2,0,0,0,0,0,166.25855255126953,3010.129695892334,10411.939506530762,0
579274,0,2,0,0,0,0,1185.4908599853516,28862.92218017578,27054.083587646484,1
592018,2,0,1,0,0,0,121.61813354492188,59742.37927246094,395.3484597206116,0
596387,0,0,1,2,0,0,114.2720718383789,3461.389747619629,157.301513671875,0
618038,2,0,4,0,0,1,73851.658203125,134095.7911734581,65946.359375,3
605129,1,1,1,0,0,0,6213.424621582031,27569.56201171875,4518.3720703125,2
596393,0,0,1,0,0,0,30.88066864013672,56652.69826507568,13709.522338867188,0
589827,0,2,0,0,0,0,2839.478973388672,1409.3182373046875,25009.24658203125,1
589829,6,0,0,0,0,0,1062.825023651123,571.8528137207031,1062.825023651123,0
596398,2,0,1,2,0,0,10985.435363769531,946.6253128051758,2271.010269165039,1
617988,1,2,3,0,1,0,4994.012756347656,44451.00244140625,113669.20458984375,2
589875,0,0,0,0,0,0,73.99363708496094,73.99363708496094,2126.6507930755615,0
637665,0,0,4,0,0,0,11894.185302734375,104625.3828125,9851.397747039795,2
637666,7,0,4,0,0,0,213.8663558959961,185.971360206604,178.22434997558594,0
589879,2,2,0,1,0,0,1545.6117706298828,24620.3525390625,4665.5720138549805,1
596382,0,0,1,1,0,0,43.9522647857666,55.91169357299805,18011.342712402344,0
594201,3,0,1,0,0,0,908.8647880554199,27.887826919555664,27.887826919555664,0
588808,0,3,0,0,0,0,110.68894577026367,36.68416976928711,529.2569541931152,0
616067,7,0,3,0,0,0,150.0015869140625,13618.025360107422,150.0015869140625,0
626697,1,2,3,0,0,0,11452.440185546875,59220.707092285156,21738.97540283203,2
588802,0,0,0,0,0,0,1023.7374839782715,4493.534599781036,109410.65221786499,0
618013,1,2,3,0,1,0,6001.107177734375,96949.494140625,5685.337178230286,2
589861,0,2,1,2,0,0,4579.095458984375,25692.9140625,50022.045166015625,2
637578,2,0,4,1,0,1,17928.38671875,59742.37927246094,18176.40501642227,2
616185,7,0,4,0,0,0,434.0334014892578,277.861572265625,15645.12744140625,0
611748,0,2,1,0,0,0,32.4463005065918,23.262529373168945,14130.359558105469,0
618101,0,0,3,0,0,0,150.0015869140625,150.0015869140625,225.47095680236816,0
596448,6,0,1,2,0,0,6769.195770263672,2717.5983276367188,2557.952247619629,2
618096,0,0,3,0,0,0,1809.673828125,11156.598114013672,30541.383056640625,1
589892,7,0,0,0,0,0,159.65951538085938,3249.9546508789062,8693.209243774414,1
618111,2,0,3,0,0,1,34099.30505371094,73851.658203125,89491.35327148438,3
589895,6,0,0,0,1,0,1283.4813385009766,102122.32397460938,2271.010269165039,1
607363,0,0,4,1,0,0,4698.38671875,9585.390747070312,6424.064514160156,2
594291,7,0,0,0,0,0,114.21957015991211,2622.8465270996094,110.75894939899445,0
609318,7,0,1,0,0,0,36.1861572265625,92.64200592041016,36.1861572265625,0
596436,2,0,4,0,0,0,214.00955200195312,407.670654296875,214.00955200195312,0
596433,0,0,0,0,0,0,17.61256980895996,72.11774444580078,150.0015869140625,0
718,9,0,1,2,0,0,55.503578186035156,24346.862831115723,55.503578186035156,0
611718,0,2,2,1,0,0,1742.4630279541016,637.0954742431641,3986.431339263916,0
589941,7,0,0,0,0,0,155.49085998535156,496.18140411376953,16758.194931030273,1
589938,8,0,0,0,0,0,33.85998463630676,15.736675262451172,15.736675262451172,0
626778,0,2,4,1,1,0,12285.913269042969,29181.861572265625,27816.21453857422,2
616145,7,0,2,0,0,0,135.44789123535156,9337.918251037598,3066.03662109375,0
596419,1,0,2,2,0,0,4290.861488342285,4516.024562835693,26.014320373535156,0
588879,3,0,1,0,0,0,1937.8496379852295,10730.117965698242,2271.010269165039,2
589926,6,0,0,2,0,0,1451.2132568359375,3617.8592529296875,4630.799560546875,2
588867,0,0,1,2,0,0,732.7366638183594,1476.7494201660156,22479.23072052002,1
596429,0,2,2,0,0,0,37.63405227661133,9395.459281921387,142593.3627319336,0
589925,6,0,1,0,0,0,52.37470245361328,52.37470245361328,52.37470245361328,0
588865,1,2,0,0,1,0,36836.40771484375,104308.11529541016,50022.045166015625,2
609338,0,0,3,0,0,0,10818.324798583984,96949.494140625,15215.74167728424,2
589237,7,0,1,0,0,0,121.61813354492188,196.7955436706543,121.61813354492188,0
618415,2,0,3,1,0,0,257.3810729980469,1176.3882141113281,354.50120544433594,1
590231,2,0,0,0,0,0,38.276055335998535,1258.7374858856201,2728.680263519287,0
618400,0,0,3,2,0,0,166.25855255126953,657.6992797851562,153.29276275634766,0
616252,2,0,2,0,0,0,101.97613525390625,70065.10781860352,13296.6591796875,0
592190,8,0,0,0,0,0,793.3993530273438,27363.973358154297,792.46142578125,1
613569,7,0,3,2,0,0,219.7040557861328,4608.144159317017,44779.7158203125,0
590255,0,2,1,1,0,0,1023.7374839782715,4655.366943359375,1476.7494201660156,1
628995,6,0,3,0,0,0,2821.537109375,3008.5323333740234,2821.537109375,2
628993,0,0,3,0,0,0,233.8329315185547,8082.880798339844,45185.6328125,0
637793,2,0,4,0,0,0,43.85441589355469,833.7700958251953,43.85441589355469,0
628999,1,0,3,0,0,0,39.32537841796875,39.32537841796875,55.7859992980957,0
590260,7,0,0,0,0,0,1218.0198974609375,4870.867916107178,2105.429543495178,1
618380,7,0,2,0,1,0,315.46697998046875,3592.12255859375,6371.101959228516,1
629003,7,0,3,0,1,0,532.187744140625,29206.608489990234,9851.397747039795,1
627089,6,0,3,1,0,0,3656.1123046875,2939.9180908203125,5260.381103515625,1
629000,6,0,3,0,0,0,50.86396408081055,50.86396408081055,1693.2290954589844,0
618370,0,0,3,0,0,0,441.13443756103516,77.00238800048828,5560.207466125488,0
592163,6,2,0,2,0,0,18.654733657836914,6737.964920163155,68701.16259765625,0
627094,2,2,4,0,0,0,761.2839736938477,17921.477416992188,40701.80859375,0
590269,1,2,1,0,1,0,3615.21484375,130481.0029296875,3632.4057750701904,2
589209,1,0,1,0,0,0,1442.8209228515625,19557.693115234375,17022.880859375,2
590270,0,2,1,0,0,0,51489.68029785156,27107.91943359375,22090.429229736328,1
609692,2,0,1,1,0,0,770.8026733398438,600.200439453125,25243.517280578613,1
594163,1,0,2,0,1,0,2833.392265319824,62351.89928817749,55377.11437988281,0
592214,2,0,0,0,0,0,68.18457035720348,22479.23072052002,4332.79638671875,0
596069,6,0,2,0,1,0,1062.825023651123,1010.821044921875,1098.429624080658,1
590292,3,0,0,0,0,0,-1.0,-1.0,126.6889419555664,0
596088,6,0,2,0,0,0,697.5306396484375,1622.0294342041016,2795.756591796875,1
594144,6,0,1,0,0,0,24.3508358001709,46.91646862030029,9351.130006790161,0
629090,0,0,4,0,0,0,7392.90625,114117.84375,5635.987869262695,2
589310,7,0,0,0,0,0,770.8026733398438,170.60223388671875,1476.7494201660156,1
613553,5,0,2,0,1,0,1175.2347412109375,5849.739929199219,23285.415771484375,1
590296,7,0,1,2,0,0,434.0334014892578,25083.648239135742,27588.51002597809,0
592255,2,3,2,1,1,0,1956.4503173828125,6078.5721435546875,1956.4503173828125,2
613518,8,0,2,0,0,0,314.3993721008301,3562.1885566711426,181.49483489990234,0
596041,7,0,1,0,0,0,10985.435363769531,5849.739929199219,25083.648239135742,1
596043,2,0,1,1,0,0,240.78758239746094,16651.400764465332,41860.10577392578,1
852,1,1,0,0,0,0,334.6388244628906,4870.867916107178,7555.162560939789,1
611357,0,0,2,0,0,0,146.2171802520752,22090.429229736328,1012.8854503631592,0
596038,0,0,2,0,0,0,27.92203712463379,10846.21206665039,3567.5848350524902,0
596060,2,2,1,2,0,0,494.97851181030273,37.138423919677734,76.4280014038086,0
594117,2,0,1,0,0,0,19.861574172973633,1483.6587715148926,19.861574172973633,0
596062,0,2,3,0,0,0,143.40811157226562,10411.939506530762,44779.7158203125,0
613534,0,2,3,2,0,0,335.08990478515625,104308.11529541016,2044.5466003417969,1
631436,1,0,4,0,0,0,46.66109848022461,113.67064666748047,11514.389060974121,0
590327,0,0,2,0,0,0,92.95783996582031,607.1264801025391,282.219575881958,0
618441,3,2,3,0,0,0,19672.41473388672,161615.8893737793,76403.89352416992,2
596052,0,2,1,2,0,0,1859.9140625,115505.73384094238,57550.3466796875,2
629068,7,0,4,0,0,0,86.30548858642578,1002.8050937652588,122.89896774291992,0
590329,1,0,3,1,0,0,2206.4599609375,16794.000358581543,3018.5409717559814,1
596049,0,3,1,0,0,0,853.095458984375,898.4295883178711,4655.366943359375,1
629176,1,0,3,0,1,0,212.1686553955078,289.1710510253906,10842.883323669434,0
593979,8,0,1,0,0,0,14787.201236248016,93553.6083984375,1761.945083141327,1
611576,7,0,2,2,0,0,613.6284972429276,25243.517280578613,3567.5848350524902,1
640214,7,0,4,1,0,0,90.86634826660156,564.0103416442871,356.4486999511719,0
611580,0,3,2,0,0,0,2377.188720703125,7370.7208251953125,124651.1796875,2
613476,0,0,2,0,0,0,230.06524348258972,264.65234375,229.7931671142578,1
611571,7,0,1,0,0,0,1869.809124469757,8546.871826171875,541.8727111816406,0
626986,9,0,3,0,0,0,46.154335021972656,24346.862831115723,46.154335021972656,0
616356,0,0,3,0,0,0,236.89419555664062,236.89419555664062,10476.724868774414,1
626992,6,0,3,0,0,0,1308.6046142578125,1693.2290954589844,2795.756591796875,1
609600,2,0,2,0,0,0,56.420050621032715,485.4359664916992,264.9451141357422,0
616380,0,0,4,0,0,0,668.34130859375,28862.92218017578,668.34130859375,1
589109,0,0,3,0,0,0,103.84725952148438,1483.6587715148926,22216.247526168823,0
627004,0,0,4,2,0,0,11097.470703125,13698.180419921875,10059.8525390625,2
618287,0,0,3,1,0,0,74.00875425338745,25243.517280578613,4540.866298675537,0
629157,7,0,3,0,0,0,182.54177284240723,5303.355587005615,189.90931510925293,0
627006,7,0,3,0,0,0,788.2060699462891,289.1710510253906,1485.8863220214844,1
611557,6,0,3,0,0,0,4011.4111938476562,66.15751647949219,1206.157470703125,0
593944,0,0,1,0,0,0,29.647574424743652,16.460620880126953,16.460620880126953,0
596097,6,0,2,1,0,0,20.464599609375,1734.5434265136719,209.55609130859375,0
596098,6,0,1,0,1,0,1221.616584777832,439.2529716491699,444.8448486328125,0
593948,0,3,3,0,0,0,490.978515625,8082.880798339844,490.978515625,1
626950,1,0,3,0,0,0,825.8329467773438,10505.852783203125,825.8329467773438,1
616332,7,0,3,0,0,0,23065.565307617188,8848.658935546875,7776.263412475586,2
611550,0,0,1,0,0,0,110.68894577026367,866.8536014556885,74.00477600097656,0
589061,0,0,0,2,0,0,54.50517272949219,54.50517272949219,8665.323059082031,0
593938,9,0,0,1,0,0,908.8647880554199,3120.2561683654785,95068.59301757812,1
613457,0,0,3,0,0,0,89.953857421875,4453.7542514801025,89.953857421875,0
593928,0,0,0,0,0,0,23065.565307617188,104308.11529541016,26689.7705078125,1
631360,1,0,4,0,0,0,47.71360397338867,10411.939506530762,27588.51002597809,0
613459,6,0,3,0,0,0,110.06364440917969,54.63166427612305,54.63166427612305,0
613462,0,2,2,0,0,0,551.4176712036133,6475.010314941406,3190.6197967529297,1
593935,0,0,1,0,0,0,101.8926010131836,2677.502836227417,8504.242733001709,0
596123,0,2,0,0,0,0,51.27446365356445,76403.89352416992,4493.534599781036,0
613467,6,0,2,2,0,0,6769.195770263672,3617.8592529296875,7639.27294921875,2
596122,0,0,1,0,0,0,7392.90625,68701.16259765625,2826.895751953125,2
609644,7,2,2,0,0,0,4504.4974365234375,59220.707092285156,23623.537109375,1
590133,7,2,1,0,0,0,79.44629669189453,79.44629669189453,14166.040422439575,0
618253,2,0,3,0,0,0,38448.9033203125,42421.688720703125,15669.8681640625,2
613414,1,2,3,2,0,0,23477.80179977417,56604.08908843994,41014.085876464844,1
594047,2,0,1,2,0,0,49.51789855957031,40745.88496398926,489.77008056640625,0
616427,0,0,2,1,0,0,7869.595428466797,10476.724868774414,2586.34375,2
618352,0,2,4,0,0,0,2157.286376953125,39951.309341430664,2243.3985443115234,1
631359,0,0,4,0,0,0,459.2434387207031,24283.2744140625,109410.65221786499,1
589159,0,0,3,0,0,0,633.5345840454102,56652.69826507568,2140.7518043518066,0
642050,3,0,4,2,0,0,-1.0,-1.0,-1.0,0
611503,7,0,4,0,0,0,299.2625427246094,299.2625427246094,306.98089599609375,0
637829,8,0,4,1,0,0,297.6125782057643,6865.354961395264,7170.72314453125,0
631343,2,0,4,0,0,0,11361.097751617432,29927.150390625,56166.709213256836,2
616397,0,0,4,2,0,0,2392.697021484375,23623.537109375,2392.697021484375,1
637885,0,0,4,0,0,0,58.94033432006836,58.94033432006836,13398.955959320068,0
594008,0,2,0,0,0,0,16.778839111328125,16.778839111328125,5685.337178230286,0
627009,7,0,3,0,0,0,57.22195816040039,282.219575881958,57.22195816040039,0
627008,3,0,4,0,0,0,489.76611328125,1356.1368408203125,489.76611328125,1
631325,3,0,4,0,0,0,7551.37939453125,20393.70703125,14922.96768951416,2
594006,6,0,0,0,0,0,25.220365524291992,25.220365524291992,2594.0167694091797,0
613385,7,0,1,0,0,0,465.7764587402344,465.7764587402344,163.6539306640625,1
613384,1,2,2,0,1,0,16383.310638427734,28862.92218017578,27363.973358154297,2
627016,0,0,4,0,0,0,2569.517822265625,19557.693115234375,17921.477416992188,1
618308,5,0,3,2,0,0,1348.7876586914062,450.94671630859375,450.94671630859375,1
631302,2,2,4,0,0,0,536.4271850585938,30772.990264892578,1246.1383666992188,1
589144,8,0,1,0,0,0,56.31980895996094,87498.49382019043,5107.91166305542,0
627027,2,0,4,0,0,0,1778.033447265625,60958.74786376953,4582.457489013672,1
627025,0,0,3,0,0,0,50.15751647949219,50.15751647949219,637.0954742431641,0
589150,1,2,1,0,0,0,633.5345840454102,103591.51049804688,36111.01434326172,1
613404,7,2,4,0,0,0,1574.5489501953125,73062.60546875,9605.59423828125,1
627038,2,0,4,0,0,0,669.04296875,42682.585205078125,8463.5517578125,1
590196,1,2,0,1,0,0,14234.774169921875,25692.9140625,59742.37927246094,2
588510,2,2,0,0,0,0,51489.68029785156,59220.707092285156,16567.859617233276,2
588511,0,2,1,0,0,0,61.76133728027344,2826.895751953125,12904.088485717773,0
593511,0,0,1,0,0,0,32.105010986328125,1012.8854503631592,4350.750110626221,0
588502,0,0,0,0,0,0,155.5027847290039,2605.9825134277344,498.6603202819824,0
641972,0,2,4,0,0,0,2839.478973388672,10846.21206665039,655.4630126953125,1
608944,2,0,2,0,0,0,119.31901550292969,12346.913513183594,119.31901550292969,0
588492,0,0,0,2,0,0,13.964996337890625,70.28480529785156,3622.6500854492188,0
595928,7,0,1,0,0,0,45.43675231933594,400.59028244018555,3010.129695892334,0
611103,7,0,3,2,0,0,126.6889419555664,134.05648374557495,126.6889419555664,0
588488,0,2,0,0,0,0,7160.7762451171875,67070.49267578125,9033.401473999023,2
593535,0,2,0,0,0,0,39.28957748413086,56166.709213256836,50599.21926498413,0
618816,0,2,3,2,0,0,3867.9077758789062,24620.3525390625,142593.3627319336,1
626514,0,0,3,0,0,0,3810.087646484375,76403.89352416992,111862.52626037598,2
572979,6,3,0,2,1,0,476.0604553222656,20193.04715156555,1458.132080078125,1
626506,2,2,4,2,0,0,23065.565307617188,12904.088485717773,56166.709213256836,2
626503,0,2,3,1,0,0,242.0747833251953,25243.517280578613,881.2800445556641,1
588514,0,2,0,2,0,0,681.2625122070312,7545.417120218277,681.2625122070312,1
595854,10,2,0,0,1,0,256.7533836364746,457.840087890625,1409.3182373046875,1
595855,6,0,0,0,0,0,157.80747985839844,33716.73794555664,110.75894939899445,0
628375,0,0,4,0,0,0,3044.529052734375,16521.530517578125,40463.37469482422,1
588446,8,2,0,0,0,1,4290.861488342285,104308.11529541016,4299.96826171875,2
595851,0,2,1,0,0,0,6724.404846191406,56604.08908843994,103591.51049804688,1
588435,2,2,1,0,0,0,36657.39123535156,41014.085876464844,62351.89928817749,1
609005,1,2,2,0,0,0,756.4964599609375,124651.1796875,1716.7899780273438,1
609014,1,2,3,2,0,0,189.09149169921875,21738.97540283203,8820.658391952515,0
595867,2,0,1,1,0,0,4144.97624206543,5537.343719482422,1525.0828094482422,0
639859,8,3,4,1,0,0,424.5107421875,424.5107421875,424.5107421875,1
611156,2,0,1,0,0,0,576.9753360748291,25.575178146362305,25.575178146362305,0
595857,1,0,2,0,0,0,78.04296112060547,12548.798904418945,2605.9825134277344,0
588421,0,0,1,2,0,0,5077.5537109375,11801.774047851562,19792.646362304688,1
609017,1,0,3,0,1,0,3664.4399642944336,114341.87048339844,7894.8220291137695,2
588477,1,2,0,0,0,0,441.13443756103516,457.840087890625,59938.25491333008,1
628411,6,0,4,0,0,0,361.78759586811066,358.904541015625,502.74700927734375,1
608979,8,0,3,0,0,0,745.0628662109375,59557.54357910156,749.8242025375366,1
639837,3,0,4,1,0,0,175.06683349609375,175.06683349609375,176.97136807441711,0
573026,3,0,1,0,0,0,71.4200439453125,71.4200439453125,105.19331359863281,0
611200,0,0,3,0,0,0,71.83134651184082,55.57358932495117,55.57358932495117,0
616526,1,2,3,0,1,0,2800.108154296875,114341.87048339844,407.3842468261719,2
630468,0,2,4,1,1,0,6392.4393310546875,8166.0980224609375,14356.06201171875,1
616527,1,0,4,0,0,0,245.3842430114746,5858.402732849121,56.835323333740234,0
616515,0,0,2,0,0,0,89.66268920898438,11514.389060974121,76438.0283203125,0
616513,0,0,3,0,0,1,17734.965643167496,7545.417120218277,20159.99755859375,2
611209,1,2,1,0,0,0,51489.68029785156,73062.60546875,8820.658391952515,2
611212,0,3,3,0,0,0,519.0007934570312,2605.9825134277344,8445.298278808594,1
630478,8,0,4,2,0,0,726.5799560546875,742.3715090751648,744.2696933746338,1
614593,2,2,2,2,0,0,3867.9077758789062,1311.7733154296875,25937.864013671875,1
630484,6,0,4,2,1,0,1283.4813385009766,57746.86819076538,1555.3603610992432,1
595797,1,0,1,1,0,0,21.766109466552734,24.020684003829956,244.19570541381836,0
616528,0,0,2,0,0,0,39.021480560302734,39.021480560302734,39.021480560302734,0
618944,1,2,3,1,0,0,2242.95947265625,10405.86962890625,4243.3500328063965,1
573880,1,2,2,2,0,1,7222.658203125,20686.00830078125,38799.38195800781,2
630506,2,2,4,2,0,0,1311.7733154296875,3943.311050415039,197157.0028076172,1
630504,3,0,4,0,0,0,373.9904479980469,373.9904479980469,373.9904479980469,1
346818,4,1,2,0,1,0,13091.4462890625,21624.634765625,64466.7197265625,2
616548,0,0,3,0,0,0,57.928401947021484,57.928401947021484,963.1662712097168,0
573874,2,1,0,0,0,0,68798.96226501465,458.81065368652344,939.5696716308594,1
618962,0,0,3,2,1,0,39.6046142578125,28.72871971130371,134.18774485588074,0
630519,3,0,4,2,0,0,174.3651580810547,174.3651580810547,4665.5720138549805,0
593618,6,3,0,0,0,0,15.424025535583496,84.79554653167725,15.424025535583496,0
630521,7,2,4,2,0,0,10985.435363769531,9337.918251037598,356.4486999511719,0
639889,7,0,4,0,0,0,1742.4630279541016,21993.372192382812,366.9737548828125,1
628326,1,0,4,0,0,0,1926.7732291221619,2087.8965377807617,35791.232666015625,1
626612,2,2,3,0,0,0,2839.478973388672,568.6873779296875,881.2800445556641,1
614548,6,3,2,2,1,0,211.58314514160156,211.58314514160156,211.58314514160156,1
611266,2,0,1,1,0,0,20.67780303955078,434.5019760131836,20.67780303955078,0
628250,7,0,3,1,0,0,788.2060699462891,350.63165283203125,350.63165283203125,1
595726,2,0,1,2,0,0,2638.62451171875,39515.7080078125,161615.8893737793,1
630414,9,0,4,2,0,0,24249.5107421875,7840.4677734375,7840.4677734375,2
626598,2,0,3,0,0,0,64.2863998413086,946.6253128051758,210.66031646728516,0
614532,7,0,1,0,0,0,142.94033432006836,626.25217461586,236.98648071289062,0
588292,3,0,4,0,0,0,177.87350463867188,177.52267456054688,582.2076445817947,0
573890,0,0,0,0,0,0,7392.90625,3524.696044921875,56166.709213256836,1
636000,1,1,4,0,0,1,32193.858520507812,32459.947631835938,103173.0337524414,2
614536,2,0,2,2,0,0,16396.414978027344,114341.87048339844,44451.00244140625,1
614577,0,2,3,2,0,0,38436.5517578125,59557.54357910156,56243.01623535156,2
595753,7,0,1,0,0,0,93.32219696044922,10976.23430633545,3043.0239067077637,0
595767,2,0,2,0,0,0,62.26809883117676,57.57836151123047,50.87828063964844,0
555839,0,0,3,0,1,0,6392.4393310546875,8166.0980224609375,14356.06201171875,2
611325,7,0,1,0,0,0,434.0334014892578,496.18140411376953,10846.21206665039,0
573920,1,2,0,2,0,0,6341.0595703125,78092.001953125,26788.673985481262,2
611324,7,0,2,1,0,0,356.85998916625977,30.350040435791016,30.350040435791016,0
626573,0,0,3,0,0,0,1562.6539306640625,19557.693115234375,20704.001892089844,1
611327,2,0,1,0,0,0,26.11933135986328,9276.728465080261,29.03739023208618,0
614568,1,2,2,1,0,0,11452.440185546875,39951.309341430664,3667.4327392578125,2
588746,0,0,1,0,0,0,30.472553253173828,4507.488376617432,30.472553253173828,0
618610,2,0,4,2,0,0,861.6515502929688,60958.74786376953,57746.86819076538,1
618612,2,2,4,0,0,0,4579.095458984375,2216.928466796875,2216.928466796875,1
626279,6,0,4,0,0,0,1221.616584777832,106.65393829345703,1940.9109497070312,0
618615,0,0,3,0,0,0,118.97295379638672,12254.810386657715,342.31185150146484,0
610839,0,0,2,0,0,0,164.23707580566406,29181.861572265625,8985.467414855957,0
588765,7,0,0,0,0,0,132.0779685974121,4453.7542514801025,2106.0916197299957,0
613011,0,0,3,0,0,0,6724.404846191406,73062.60546875,5466.279968261719,2
638253,7,0,4,0,0,0,100.33890533447266,100.33890533447266,191.02625560760498,0
610867,0,2,2,0,0,0,19672.41473388672,38448.9033203125,76403.89352416992,2
628715,2,0,4,0,0,0,1175.2347412109375,62351.89928817749,11434.573303222656,0
593757,9,0,1,0,0,0,86.11216735839844,10730.117965698242,2128.3556118011475,0
614757,7,0,2,0,0,0,75.09467315673828,75675.96960449219,64276.87080001831,0
614775,7,0,3,1,0,0,474.02386474609375,474.02386474609375,498.93317222595215,1
630556,6,0,4,0,0,0,835.6897583007812,3119.27685546875,2181.494140625,1
630555,6,0,4,1,1,0,5203.418548583984,2118.7088012695312,3664.891845703125,1
595608,1,2,1,1,0,0,4873.775634765625,103591.51049804688,25692.9140625,2
630553,6,0,4,0,0,0,110.06364440917969,55.43198013305664,55.43198013305664,0
614660,6,0,2,0,0,0,3307.5505981445312,997.9093627929688,2186.1886596679688,1
595606,1,2,2,0,0,0,14194.505554199219,11801.774047851562,16567.859617233276,2
595601,0,0,0,0,0,0,12.505967140197754,14.86237120628357,4540.866298675537,0
591779,1,0,2,0,1,0,36836.40771484375,68701.16259765625,96949.494140625,2
595603,7,2,1,0,0,0,272.6205139160156,280.50835824012756,8445.298278808594,1
595595,0,0,1,0,0,0,16415.79296875,57550.3466796875,124651.1796875,2
618533,1,2,2,0,0,0,85.1535415649414,64276.87080001831,1630.4264526367188,0
618532,10,0,2,0,0,0,52.20206832885742,5776.0740966796875,52.20206832885742,0
588691,0,0,0,0,0,0,356.85998916625977,23623.537109375,9276.728465080261,1
610881,7,0,1,0,0,0,176.15512585639954,80554.908203125,30212.831186294556,1
618528,0,0,4,0,0,0,17022.880859375,19556.65966796875,17884.533203125,2
591755,0,2,0,0,0,0,301.2895812988281,130481.0029296875,438.3524284362793,0
613091,2,2,3,0,0,0,3044.529052734375,24620.3525390625,17958.86962890625,1
595639,7,0,2,2,0,0,206.7271270751953,371.55687618255615,941.1797943115234,1
618518,0,2,4,1,0,0,981.8520202636719,104625.3828125,1317.7502174377441,1
618516,6,2,3,0,0,0,1684.4088745117188,15329.245922088623,1045.301513671875,1
630582,2,0,4,0,0,0,1983.6229248046875,10824.322265625,17228.246746063232,1
591749,3,2,0,0,0,0,45.64677810668945,45.64677810668945,45.64677810668945,0
595634,1,0,2,0,0,0,129.59666061401367,544.8472290039062,264.9451141357422,0
613096,7,0,2,0,0,0,258.6889419555664,349.55529022216797,126.51312637329102,0
610928,2,2,2,0,0,0,17433.74617767334,143292.6883239746,17228.246746063232,2
591775,3,2,0,0,0,0,157.15830993652344,519.4510955810547,1409.3182373046875,1
591772,3,0,0,2,0,0,31.05648422241211,150.3754997253418,1096.790023803711,0
610924,0,0,1,0,0,0,64.6181411743164,9542.569313049316,234.96182823181152,0
591766,7,0,0,0,0,0,23.969770431518555,2677.502836227417,1635.5933990478516,0
638277,0,0,4,1,0,0,221.86157608032227,16521.530517578125,50864.44221496582,0
573566,0,0,3,1,0,0,74.96022033691406,1097.1956672668457,551.8249549865723,0
588724,2,0,0,2,0,0,197.2291259765625,2685.2123609781265,802.690559387207,0
593912,8,2,1,0,0,1,17433.74617767334,16732.2783203125,9200.111381530762,2
631838,1,1,4,0,1,0,3542.033447265625,27929.838623046875,13393.900451660156,2
588610,2,0,0,0,0,0,176.45266723632812,544.8472290039062,854.9164581298828,0
638389,1,0,4,0,0,0,258.6889419555664,16521.530517578125,12254.810386657715,0
614855,3,0,1,0,0,0,18.9093074798584,89.64280247688293,18.9093074798584,0
610966,7,0,1,0,0,0,1742.4630279541016,637.0954742431641,599.74462890625,1
588622,0,2,0,0,0,0,14194.505554199219,59742.37927246094,27341.496032714844,1
610945,3,0,1,1,0,0,500.83375549316406,106.10978698730469,235.1408233642578,0
609069,0,2,1,0,0,0,2839.478973388672,1810.501937866211,154.94749450683594,1
593903,2,0,0,0,0,0,11.984885215759277,545.1384239196777,31644.36298274994,0
610950,2,2,2,0,0,0,4925.3779296875,27569.56201171875,7748.919982910156,2
610952,1,0,2,0,1,0,11803.720825195312,19557.693115234375,38448.9033203125,2
616769,2,0,3,2,0,0,-1.0,-1.0,-1.0,0
610953,1,2,3,1,1,0,11803.720825195312,38448.9033203125,19557.693115234375,2
593888,7,0,1,2,0,0,102.70883178710938,25243.517280578613,102.70883178710938,0
593891,0,2,1,2,0,0,14194.505554199219,11814.140930175781,27341.496032714844,1
612885,10,2,2,0,0,0,2078.197265625,2320.553680419922,46039.4052734375,2
618734,1,2,4,0,0,0,10800.243408203125,59220.707092285156,56604.08908843994,2
593882,3,3,0,0,0,0,17.195703506469727,357.4120874404907,17.195703506469727,0
639642,7,0,4,1,0,0,108.75894927978516,108.75894927978516,108.75894927978516,0
630772,2,2,4,0,0,0,272.2481994628906,13021.636749267578,1075.3937740325928,0
626377,2,2,3,0,0,0,1477.1741943359375,59557.54357910156,5854.142375946045,1
639634,6,0,4,1,0,0,2530.224365234375,3789.8018798828125,2257.5967140197754,0
588648,1,2,1,0,0,0,6001.107177734375,57550.3466796875,130481.0029296875,1
573367,1,2,1,0,1,0,12508.856506347656,26689.7705078125,11986.732421875,2
573365,1,0,0,0,0,0,15362.325328826904,16567.859617233276,56.381065368652344,0
626390,0,0,3,1,0,0,7869.595428466797,9605.59423828125,57746.86819076538,2
628594,0,0,3,1,0,0,59.812252044677734,59.812252044677734,179.55688095092773,0
628596,0,2,3,0,0,0,392.7828063964844,104625.3828125,531.0119171142578,1
630765,0,0,4,0,0,0,12402.3798828125,103591.51049804688,76403.89352416992,2
616735,0,2,2,1,0,0,42968.1767578125,104625.3828125,27239.82666015625,2
588549,7,0,0,0,0,0,221.86157608032227,80554.908203125,3010.129695892334,0
593844,0,0,0,0,0,0,108.4892578125,91748.900390625,243.7637176513672,1
626350,1,0,3,0,0,0,48.038185119628906,1098.0692397356033,48.038185119628906,0
612957,0,2,2,1,0,0,191.98568725585938,7748.919982910156,946.6253128051758,1
638436,2,0,4,0,0,0,38436.5517578125,38436.5517578125,91748.900390625,2
616718,7,0,2,0,0,0,132.0779685974121,181.49483489990234,193.97851943969727,0
609134,2,0,1,0,0,0,55.3675422668457,197157.0028076172,55.3675422668457,0
593838,0,0,0,0,0,0,11097.470703125,11138.746757507324,27107.91943359375,2
573396,1,2,1,0,0,0,11803.720825195312,19557.693115234375,15329.245922088623,2
638434,7,0,4,0,0,0,1179.7732849121094,29658.690173625946,16109.154296875,1
616712,0,2,2,0,0,0,149.22752571105957,29.48289680480957,4220.1019287109375,0
638432,0,0,4,0,0,0,187.6968994140625,946.6253128051758,15215.74167728424,0
616714,6,0,2,0,0,0,99.02784729003906,7639.27294921875,4376.941162109375,0
626353,7,0,3,0,0,0,1742.4630279541016,866.3436851501465,1061.2776641845703,1
593829,2,0,1,2,0,0,42.852027893066406,42.852027893066406,42.852027893066406,0
593828,3,2,1,1,0,0,14234.774169921875,50022.045166015625,15631.937255859375,2
638444,6,0,4,1,0,0,2700.37939453125,35003.40057373047,2700.37939453125,1
638445,6,0,4,0,0,0,342.5441436767578,2815.2314453125,193.3102569580078,0
638443,6,0,4,0,1,0,3307.5505981445312,3789.8018798828125,1188.279296875,1
573415,2,0,0,1,0,0,33.55767822265625,115.2911696434021,66.49005889892578,0
609111,1,0,1,0,0,0,376.14556884765625,23683.338745117188,4069.9841995686293,1
614829,7,0,2,0,0,0,100.76213836669922,36111.01434326172,496.18140411376953,0
614827,5,1,4,2,1,0,14353.375,64881.997009277344,27494.390213012695,2
593811,0,2,0,0,0,0,90.45902633666992,7331.620498657227,873.0723991394043,0
626314,1,0,4,2,1,0,27561.416137695312,27943.860717773438,41860.10577392578,2
638426,7,0,4,0,0,0,613.6284972429276,3567.5848350524902,87.00715637207031,0
638406,6,0,4,1,0,0,1021.8631896972656,705.9729766845703,662.3770751953125,1
588593,0,0,0,2,0,0,16396.414978027344,2017.94189453125,42682.585205078125,2
618626,2,2,3,2,0,0,2741.4566040039062,24620.3525390625,5854.142375946045,1
618625,1,3,3,0,1,0,820.181396484375,11494.3134765625,16567.859617233276,1
616743,6,0,3,0,1,0,1062.825023651123,1010.821044921875,1098.429624080658,1
638409,6,0,4,1,0,0,390.4797058105469,390.4797058105469,390.4797058105469,1
629871,2,2,3,0,0,0,2741.4566040039062,622.6682929992676,5107.115310668945,1
617189,7,0,2,0,0,0,48.19093036651611,5303.355587005615,5858.402732849121,0
612791,0,2,3,0,0,0,2173.3468627929688,68701.16259765625,13398.955959320068,1
612790,6,3,4,1,1,0,55.78281784057617,55.78281784057617,55.78281784057617,0
617190,6,0,2,1,0,0,2206.881591796875,51880.54846191406,1309.0406494140625,1
612772,0,0,2,0,0,0,396.72474670410156,2242.9634704589844,154.00477600097656,0
641422,6,0,4,0,1,0,186.99522399902344,186.99522399902344,186.99522399902344,0
629874,7,0,3,0,0,0,183.20445251464844,423.8011074066162,18176.40501642227,0
629873,8,1,3,0,0,0,3661.5433349609375,14045.332763671875,3343.7223510742188,2
639256,6,0,4,1,0,0,4011.4111938476562,2815.2314453125,36026.2265625,1
617159,0,0,2,1,0,0,42.316627502441406,9420.128238677979,42.316627502441406,0
617157,0,0,3,2,0,0,11894.185302734375,16521.530517578125,15441.153549194336,2
617155,3,0,4,0,0,0,36657.39123535156,74302.111328125,33460.33898925781,2
617154,0,2,4,1,0,0,429.42242431640625,107501.15466308594,22479.23072052002,1
587986,2,0,0,0,0,0,117.78361129760742,3379.841796875,42162.74395751953,0
617165,1,0,4,0,1,0,19102.28125,28382.475693702698,23620.6533203125,2
612739,7,0,3,1,1,0,10985.435363769531,13021.636749267578,18246.695198059082,2
612736,1,2,2,0,1,0,3664.4399642944336,220.25457763671875,55377.11437988281,1
629845,2,2,3,0,0,0,2741.4566040039062,8848.658935546875,8504.242733001709,1
614981,1,0,4,0,1,0,68798.96226501465,161615.8893737793,115505.73384094238,3
617176,0,0,2,1,0,0,488.0286560058594,22479.23072052002,2693.727970123291,1
625944,0,0,4,0,0,0,443.1471652984619,431.5274353027344,443.1471652984619,1
617127,6,0,2,1,1,0,1283.4813385009766,1356.1368408203125,1458.132080078125,0
617126,7,0,2,1,0,0,61.74065399169922,69.10819578170776,61.74065399169922,0
627896,5,0,4,1,1,0,85587.328125,113669.20458984375,108841.77680206299,3
627903,0,0,3,1,0,0,153.5338134765625,157.39300203323364,153.5338134765625,0
592909,7,0,2,0,0,0,57.751792907714844,3943.311050415039,303.3174271583557,0
629797,7,0,4,1,0,0,788.2060699462891,148.40333557128906,148.40333557128906,0
627872,6,0,3,1,1,0,1678.0199584960938,3557.5482788085938,3789.8018798828125,1
619293,9,0,3,2,0,0,24249.5107421875,54682.37109375,20485.0478515625,2
627886,0,2,4,1,0,1,11452.440185546875,39594.72333526611,44451.00244140625,2
617149,0,0,3,0,0,0,2741.4566040039062,4220.1019287109375,42682.585205078125,1
627857,8,0,3,0,0,0,14787.201236248016,1412.3993425369263,25.196500778198242,0
566774,1,0,2,0,0,0,34099.30505371094,62351.89928817749,161615.8893737793,2
610627,7,2,2,0,0,0,407.3842468261719,11156.598114013672,11156.598114013672,1
615152,9,0,2,1,0,0,1064.4255858659744,1028.7796630859375,1135.4336013793945,1
626129,0,0,3,2,0,0,93.25059509277344,1549.0222549438477,30188.003719329834,0
627833,1,0,4,0,0,0,416.7923583984375,15645.12744140625,3518.7796173095703,1
612667,6,0,1,1,0,0,56.45584487915039,444.8448486328125,2257.5967140197754,0
639363,9,0,4,2,0,0,390.412899017334,530.9642219543457,59.99283981323242,0
638614,7,0,4,0,1,0,79.28878021240234,79.28878021240234,86.58870077133179,0
612655,0,2,2,2,0,0,3252.48388671875,130481.0029296875,9395.459281921387,1
626126,0,0,4,0,0,0,544.8472290039062,39594.72333526611,56652.69826507568,1
629956,1,2,4,2,1,0,22524.18603515625,16201.919699668884,14166.040422439575,1
615125,7,0,3,0,0,0,129.7501983642578,33379.981857299805,3518.7796173095703,0
639397,5,0,4,1,1,0,110.51313018798828,110.51313018798828,184.50676727294922,0
627797,7,0,3,0,0,0,465.7764587402344,465.7764587402344,302.1225280761719,1
612628,0,0,3,2,0,0,645.3261871337891,924.7255554199219,10139.067413330078,1
615131,0,0,3,0,0,0,34243.94951629639,25937.864013671875,2370.65869140625,0
612627,2,0,2,2,0,0,2833.392265319824,22090.429229736328,3152.6429014205933,2
615111,0,0,4,0,0,0,174.66189575195312,14346.68701171875,23262.192306518555,0
612621,0,0,2,1,0,0,3704.5307006835938,27816.21453857422,1551.6229248046875,1
587840,1,2,1,0,0,0,25002.393188476562,59742.37927246094,38799.38195800781,1
587844,0,0,0,0,0,0,1823.9952392578125,27569.56201171875,57924.818359375,2
639413,7,0,4,0,0,0,119.28401184082031,119.28401184082031,119.28401184082031,0
593140,0,0,1,0,0,0,43.94033432006836,7748.919982910156,25083.648239135742,0
385808,5,1,4,2,1,0,6066.29345703125,12860.7646484375,21472.7900390625,2
638658,7,0,4,0,0,0,145.21718072891235,33379.981857299805,142.0883026123047,0
595235,7,0,2,0,0,0,117.7581558227539,1857.999972820282,5849.739929199219,0
612734,7,0,2,1,0,0,57.751792907714844,57.751792907714844,504.3651657104492,0
612723,0,0,3,0,0,0,399.0715866088867,8445.298278808594,377.56482696533203,1
627766,3,3,4,0,0,0,1130.04052734375,3524.696044921875,23683.338745117188,1
627764,0,0,4,2,0,0,107.7064437866211,107.7064437866211,10842.883323669434,0
639428,6,0,4,0,0,0,143.8424835205078,143.8424835205078,502.74700927734375,0
612707,6,0,3,1,1,0,1351.6627197265625,3802.5172119140625,26584.16520690918,1
7954,1,2,4,1,0,0,2154.12890625,115505.73384094238,14280.0029296875,1
629949,6,0,4,2,1,0,16211.810546875,10369.990234375,10378.094450712204,2
639469,7,0,4,0,0,0,47.011932373046875,47.71360397338867,47.011932373046875,0
612702,7,0,2,0,0,0,1742.4630279541016,637.0954742431641,175.50994873046875,0
626107,0,0,3,1,0,0,165.30787658691406,165.30787658691406,171.89817094802856,0
626108,1,0,3,0,0,0,1756.2196044921875,27319.984634399414,1805.3062553405762,1
595213,0,0,2,0,0,0,158.42800521850586,7193.916429519653,1262.7016677856445,0
612683,3,3,1,1,0,0,38.28321361541748,29.112171173095703,29.112171173095703,0
595222,7,2,0,0,1,0,4504.4974365234375,2826.895751953125,1857.999972820282,0
595220,2,0,0,0,0,0,34.5998420715332,3622.6500854492188,146.1113739013672,0
619444,0,2,3,0,0,0,6724.404846191406,27107.91943359375,197157.0028076172,1
595226,2,0,1,2,0,0,50.87828063964844,413.9928436279297,130.7708854675293,0
612672,7,0,2,0,0,0,3327.307083129883,48183.59289550781,62351.89928817749,2
593078,1,0,0,0,0,0,91.7104263305664,2087.8965377807617,59557.54357910156,0
612679,7,0,1,1,0,0,339.2864074707031,196.84725952148438,1806.1567077636719,1
638997,6,0,4,0,0,0,157.52505493164062,215.0620574951172,993.2147827148438,0
597089,0,2,3,0,0,0,2415.802734375,11156.598114013672,42682.585205078125,2
638747,6,0,4,1,1,0,1678.0199584960938,2997.537109375,989.891845703125,0
595191,2,0,1,0,0,0,34099.30505371094,80554.908203125,65893.48608398438,2
639004,1,1,4,0,1,0,8715.451171875,8715.451171875,9924.257080078125,2
597102,6,0,1,1,0,0,982.4677734375,1258.7374858856201,1885.5178833007812,1
595188,0,2,1,0,0,0,1869.809124469757,873.0723991394043,1317.7502174377441,0
610355,2,0,2,2,0,0,197.2291259765625,2605.9825134277344,9033.401473999023,0
588262,1,2,0,0,0,0,444.69134521484375,114117.84375,1009.6578979492188,1
610352,2,0,3,2,0,0,272.2418518066406,75.11853790283203,150.0015869140625,0
639002,6,0,4,0,0,0,204.88783264160156,204.88783264160156,204.88783264160156,0
597096,0,3,2,0,0,0,71.45266723632812,79.75099658966064,71.45266723632812,0
595180,1,2,2,0,0,0,1072.1368408203125,1072.1368408203125,5854.142375946045,1
638989,0,0,4,0,0,0,1742.5989990234375,3020.878261566162,56166.709213256836,1
630112,7,0,4,0,0,0,339.2864074707031,142.43914794921875,5858.402732849121,0
638985,0,2,4,0,0,0,93.32219696044922,93.32219696044922,70.51789855957031,0
630111,0,2,4,0,0,0,2839.478973388672,6978.11474609375,3805.4693603515625,1
573957,2,0,0,0,0,0,23.136037826538086,2088.6005859375,112.46141624450684,0
619126,7,3,4,0,0,0,87.35799407958984,16993.565643310547,87.35799407958984,0
628171,0,0,4,1,0,0,3576.064453125,39594.72333526611,18246.695198059082,1
628183,2,0,4,0,0,0,50571.5078125,53476.07421875,54799.50570678711,3
573968,8,0,0,0,0,0,17734.965643167496,76403.89352416992,29181.861572265625,2
630094,2,0,4,0,0,0,272.2418518066406,8693.209243774414,16758.194931030273,0
639010,6,0,4,0,0,0,85.95465087890625,85.95465087890625,85.95465087890625,0
628178,3,0,3,0,0,0,15362.325328826904,7175.1790771484375,19792.646362304688,1
638757,0,2,4,0,0,0,457.840087890625,115505.73384094238,457.840087890625,1
573978,0,0,0,0,0,0,7350.928466796875,20686.00830078125,1555.2784686088562,1
630081,0,0,3,0,0,0,29.906126022338867,16521.530517578125,29.906126022338867,0
628128,0,0,3,0,0,0,129.59666061401367,82.15433692932129,35.46857738494873,0
639056,8,0,4,1,0,0,15362.325328826904,16488.812606811523,14641.613327026367,2
628129,7,0,4,1,1,0,3596.042984008789,40422.83630371094,658.3206024169922,1
617392,6,0,3,1,0,0,4012.23388671875,1457.393798828125,1639.4598236083984,1
617393,2,0,2,1,0,0,1205.3302001953125,75675.96960449219,48.52187633514404,0
612577,3,0,2,0,0,0,17.87669062614441,0.0,-1.0,0
628133,7,3,4,0,1,0,3596.042984008789,607.1264801025391,413.0509042739868,1
597039,3,0,1,0,0,0,33.85998463630676,371.55687618255615,19.10103416442871,0
628143,2,0,4,2,0,0,4144.97624206543,20887.82032775879,20485.0478515625,2
628144,0,0,4,1,0,0,4504.4974365234375,9949.086055755615,41014.085876464844,1
615231,0,0,2,0,0,0,210.02227783203125,4529.374816894531,8229.59814453125,1
615230,2,0,2,2,0,0,35.89976119995117,685.6141357421875,48.19093036651611,0
625695,2,2,3,0,1,0,12125.8740234375,14280.0029296875,115505.73384094238,2
617391,6,0,4,0,0,0,167.34844970703125,1458.132080078125,167.34844970703125,0
593204,3,0,0,1,0,0,56.947494983673096,50.961814880371094,50.961814880371094,0
630044,2,0,4,1,0,0,116.47732543945312,337.41607666015625,116.47732543945312,0
617372,2,0,3,0,0,0,4918.498046875,5036.665909767151,4918.498046875,2
628118,0,0,3,1,0,0,56.280033111572266,2595.306369781494,56.280033111572266,0
617351,0,0,4,0,0,0,42968.1767578125,104625.3828125,45185.6328125,2
628127,2,0,4,2,0,0,62.09785079956055,15329.245922088623,2685.2123609781265,0
617356,3,0,4,1,0,0,10694.162109375,19792.646362304688,80554.908203125,2
628125,2,2,3,0,0,0,970.4558563232422,2212.9650802612305,12185.507354736328,1
638821,0,0,4,0,0,0,12285.913269042969,50599.21926498413,26477.93585205078,2
610486,7,0,1,0,0,0,39.859188079833984,4479.224422454834,13618.025360107422,0
639128,6,2,4,0,1,0,728.6849365234375,7370.7208251953125,728.6849365234375,1
617336,7,0,3,0,0,0,45.918853759765625,2119.1264324188232,45.918853759765625,0
639124,7,0,4,1,0,0,119.63484191894531,119.63484191894531,11613.765213012695,0
638879,5,0,4,0,0,0,1342.99755859375,1342.99755859375,1342.99755859375,1
619227,1,0,3,0,0,0,174.4916534423828,265.02149200439453,5858.402732849121,0
617329,0,0,3,1,0,0,42968.1767578125,27239.82666015625,104625.3828125,2
632370,2,2,4,0,0,0,222.42959594726562,222.42959594726562,244.19570541381836,0
572854,0,2,1,0,0,0,158.42800521850586,9420.128238677979,18246.695198059082,0
617321,2,0,3,1,0,0,178.02386474609375,669.04296875,178.02386474609375,0
610462,2,0,2,0,0,0,36657.39123535156,28862.92218017578,74302.111328125,2
625897,0,0,3,1,0,0,14807.53515625,56166.709213256836,56652.69826507568,2
597187,0,3,1,0,0,0,399.0715866088867,8445.298278808594,5635.987869262695,0
597213,1,0,1,1,0,0,26.11933135986328,153.77247619628906,9851.397747039795,0
610434,9,0,1,0,0,0,325.2673034667969,1412.3993425369263,325.2673034667969,1
597207,0,0,3,0,0,0,1288.7891845703125,34665.988079071045,1288.7891845703125,1
625912,2,0,4,0,0,0,67.0095443725586,113.67064666748047,67.0095443725586,0
597203,2,0,2,2,0,0,12417.99242401123,57.57836151123047,545.4057464599609,0
617278,2,2,2,1,0,0,20.291170120239258,4220.1019287109375,20.291170120239258,0
617277,0,0,2,0,0,0,1549.3078861236572,564.0103416442871,30541.383056640625,0
641095,3,0,4,0,0,0,62.799522399902344,74.10262489318848,62.799522399902344,0
617267,0,0,2,0,0,0,1521.664306640625,29181.861572265625,1523.4184832572937,1
630178,2,0,4,2,0,0,15235.7255859375,109410.65221786499,114341.87048339844,2
617257,6,0,2,1,1,0,297.95068359375,297.95068359375,297.95068359375,1
617250,6,0,3,0,0,0,1045.7724609375,1045.7724609375,1045.7724609375,1
593283,1,2,2,0,1,0,5208.4140625,24528.044677734375,76403.89352416992,2
619144,0,0,3,0,0,0,16396.414978027344,29181.861572265625,109410.65221786499,2
588037,7,0,1,2,0,0,29.65632438659668,29.65632438659668,91.3969783782959,0
612427,6,1,1,1,1,0,18.637231826782227,2999.7971172332764,18.637231826782227,0
615300,1,0,4,0,1,0,25002.393188476562,124651.1796875,44511.216796875,2
612420,0,3,2,0,0,0,3344.401123046875,39951.309341430664,6393.7998046875,2
612422,2,1,3,0,0,0,40.97374725341797,5712.5133056640625,40.97374725341797,0
612432,3,3,4,2,1,0,24598.689651489258,39594.72333526611,24554.61328125,2
